pid,x,y
1,605354.576,228655.025
2,605354.769,228668.067
3,605356.178,228670.534
4,605357.197,228673.195
5,605357.585,228674.015
6,605362.142,228676.702
7,605405.293,228692.757
8,605434.526,228700.916
9,605467.256,228714.871
10,605489.886,228721.154
11,605510.245,228728.665
12,605528.727,228732.926
13,605594.332,228754.769
14,605610.502,228756.698
15,605640.323,228763.755
16,605660.832,228772.209
17,605672.335,228778.814
18,605688.953,228790.37
19,605699.995,228798.812
20,605766.839,228849.48
21,605790.449,228867.331
22,605797.521,228872.82
23,605802.154,228876.499
24,605812.239,228884.559
25,605817.809,228889.162
26,605826.473,228897.048
27,605830.188,228901.527
28,605857.22,228938.811
29,605861.463,228946.252
30,605879.47,228982.135
31,605883.073,228991.677
32,605886.313,229001.471
33,605895.485,229037.222
34,605895.714,229054.852
35,605894.412,229099.858
36,605895.646,229104.875
37,605904.008,229126.879
38,605907.918,229135.163
39,605923.776,229165.282
40,605925.199,229168.47
41,605926.957,229172.682
42,605928.109,229178.911
43,605926.554,229192.95
44,605923.328,229215.97
45,605921.476,229221.157
46,605919.825,229223.511
47,605909.737,229232.06
48,605893.465,229243.666
49,605883.364,229253.605
50,605876.793,229259.419
51,605869.195,229266.142
52,605849.566,229279.475
53,605835.71,229292.646
54,605834.084,229294.192
55,605819.606,229306.108
56,605809.732,229322.632
57,605804.321,229329.101
58,605798.701,229334.457
59,605795.152,229339.902
60,605791.85,229347.271
61,605790.849,229351.372
62,605791.083,229356.744
63,605795.497,229383.068
64,605795.726,229386.194
65,605792.92,229409.603
66,605791.606,229421.862
67,605783.072,229436.216
68,605784.097,229440.836
69,605787.026,229460.525
70,605791.452,229474.886
71,605795.182,229485.477
72,605805.235,229513.642
73,605814.971,229561.08
74,605815.905,229573.27
75,605818.071,229601.052
76,605813.431,229608.574
77,605813.659,229617.9
78,605818.441,229615.833
79,605821.905,229628.512
80,605815.645,229643.116
81,605809.106,229645.162
82,605784.126,229652.88
83,605763.713,229659.371
84,605746.56,229664.775
85,605757.292,229679.308
86,605785.382,229699.267
87,605786.559,229699.853
88,605808.825,229701.511
89,605811.02,229700.798
90,605832.98,229693.718
91,605842.369,229691.65
92,605843.345,229694.818
93,605849.164,229711.267
94,605864.115,229709.092
95,605884.437,229706.157
96,605885.359,229713.845
97,605895.48,229715.267
98,605907.148,229713.867
99,605908.059,229713.752
100,605913.607,229713.062
101,606278.256,229656.849
102,606315.772,229590.627
103,606364.481,229616.285
104,606361.706,229621.051
105,606393.428,229637.941
106,606377.224,229678.545
107,606552.492,229805.868
108,606844.239,229792.326
109,606846.835,229807.455
110,606849.335,229806.673
111,606850.557,229815.256
112,606867.842,229835.591
113,606870.332,229840.8
114,606874.006,229845.849
115,606886.832,229848.462
116,606886.76,229850.471
117,606879.448,229874.557
118,606914.791,229873.773
119,606915.518,229876.16
120,606917.445,229875.682
121,606922.664,229874.309
122,606920.039,229862.512
123,606919.973,229862.223
124,606951.786,229859.833
125,606964.118,229862.974
126,606985.776,229873.871
127,606994.245,229847.881
128,606998.796,229849.413
129,607005.936,229852.17
130,607008.994,229847.657
131,607010.3230723173,229848.2417162212
132,607011.645620942,229848.84104202615
133,607012.961485318,229849.4549045753
134,607014.270505671,229850.0832293326
135,607014.2806058938,229850.08862741297
136,607015.5725230579,229850.7259400059
137,607015.5851448731,229850.73268594284
138,607016.8673793856,229851.38295855635
139,607016.8825220385,229851.39105197252
140,607018.1549174311,229852.05420520774
141,607018.1725804788,229852.063645876
142,607018.719,229852.354
143,607019.9981036,229853.0467012836
144,607021.2695106623,229853.75342978275
145,607022.5330674155,229854.47409990217
146,607023.7886209887,229855.20862445195
147,607025.0360194796,229855.95691456593
148,607026.275111972,229856.7188797126
149,607027.5057485551,229857.494427706
150,607027.953,229857.781
151,607035.462,229827.928
152,607036.2044516968,229828.5671778789
153,607036.9572427493,229829.19414559248
154,607037.7201723959,229829.80873589232
155,607038.4930371497,229830.41078485607
156,607039.2756308736,229831.00013190636
157,607040.0677448357,229831.57661985367
158,607040.8691677649,229832.14009493825
159,607041.074,229832.281
160,607041.6259692509,229832.70974090148
161,607042.1876072952,229833.12573550115
162,607042.7586203903,229833.52876508434
163,607043.3387093078,229833.91861845108
164,607043.9275700632,229834.29509130618
165,607044.5248940751,229834.65798636622
166,607045.1303683273,229835.00711346295
167,607045.7436755326,229835.34228964298
168,607046.364494299,229835.66333926367
169,607046.9924992985,229835.97009408506
170,607047.627361437,229836.26239335816
171,607048.2687480268,229836.5400839091
172,607048.9163229618,229836.80302021943
173,607049.047,229836.854
174,607049.7020184642,229837.09913686628
175,607050.362472839,229837.32922659142
176,607051.028017687,229837.54414824702
177,607051.6983047074,229837.74378935763
178,607052.3729831176,229837.9280454447
179,607053.0516998367,229838.09682008118
180,607053.7340996708,229838.25002494184
181,607054.4198254979,229838.38757984972
182,607055.1085184561,229838.50941281792
183,607055.7998181302,229838.61546008737
184,607056.4933627411,229838.70566616015
185,607057.1887893345,229838.77998382854
186,607057.8857339717,229838.8383741997
187,607057.965,229838.844
188,607059.046,229838.821
189,607061.699,229838.036
190,607079.444,229833.425
191,607078.544,229831.631
192,607100.317,229824.979
193,607126.764,229823.0
194,607125.869,229793.195
195,607126.331,229791.609
196,607138.729,229794.805
197,607144.137,229790.393
198,607148.117,229791.608
199,607155.121,229763.169
200,607160.148,229743.083
201,607163.124,229731.361
202,607176.853,229734.421
203,607220.367,229744.091
204,607227.264,229742.333
205,607230.091,229734.841
206,607234.519,229723.142
207,607234.6022286832,229722.97637252504
208,607234.699429783,229722.8185386747
209,607234.8098738345,229722.66967064718
210,607234.9327387273,229722.5308765686
211,607235.0671098942,229722.4031895779
212,607235.2119871194,229722.28756013626
213,607235.3662919827,229722.18484895243
214,607235.528875888,229722.0958205757
215,607235.6985286125,229722.02113770496
216,607235.8739873155,229721.96135625563
217,607236.0539459381,229721.91692122183
218,607236.2370649261,229721.88816336376
219,607236.4219811998,229721.87529674574
220,607236.6073183013,229721.87841714278
221,607236.7916966407,229721.89750132765
222,607236.9737437641,229721.93240724376
223,607237.1521045709,229721.98287506256
224,607237.3254514,229722.04852911775
225,607237.4924939129,229722.12888070144
226,607237.6519886984,229722.22333170203
227,607237.8027485282,229722.33117905643
228,607237.9436511941,229722.4516199833
229,607238.0736478616,229722.58375795875
230,607238.191770877,229722.72660938985
231,607238.2971409701,229722.87911093605
232,607238.345,229722.959
233,607247.935,229726.38
234,607251.455,229735.449
235,607255.125,229745.011
236,607257.668,229750.113
237,607277.972,229729.754
238,607301.59,229760.079
239,607307.371,229758.381
240,607315.286,229754.757
241,607315.8926121062,229754.42359610763
242,607316.4913565182,229754.07626121605
243,607317.081913211,229753.71518062858
244,607317.6639666742,229753.3405472558
245,607318.2372059405,229752.9525612489
246,607318.8013247518,229752.55142989292
247,607319.3560217225,229752.13736749586
248,607319.9010005009,229751.7105952742
249,607320.4359699271,229751.27134123488
250,607320.9606441889,229750.81984005327
251,607321.4747429744,229750.35633294794
252,607321.9779916218,229749.88106755164
253,607322.470121266,229749.39429777922
254,607322.9508689822,229748.89628369175
255,607323.4199779268,229748.3872913577
256,607323.8771974741,229747.86759271083
257,607324.3222833504,229747.3374654047
258,607324.375,229747.273
259,607324.8064503458,229746.73149194167
260,607325.2252725873,229746.1801587229
261,607325.6312435605,229745.61929514143
262,607326.024146482,229745.0492006911
263,607326.4037715469,229744.47017979494
264,607326.7699160404,229743.88254164264
265,607327.1223844457,229743.28660002534
266,607327.4609885497,229742.68267316814
267,607327.785547542,229742.07108356015
268,607328.0958881123,229741.45215778227
269,607328.3918445427,229740.82622633287
270,607328.6732587965,229740.19362345122
271,607328.9399806019,229739.55468693905
272,607329.1918675331,229738.9097579802
273,607329.4287850857,229738.25918095835
274,607329.6506067486,229737.60330327318
275,607329.77,229737.228
276,607339.501,229737.493
277,607382.546,229738.476
278,607384.716,229738.526
279,607400.427,229738.885
280,607418.876,229739.306
281,607433.893,229741.307
282,607437.051,229748.553
283,607455.928,229756.316
284,607465.183,229760.108
285,607474.604,229764.04
286,607483.976,229768.255
287,607489.257,229770.818
288,607494.315,229773.352
289,607504.434,229778.898
290,607513.243,229784.128
291,607521.971,229789.537
292,607568.045,229818.808
293,607569.8035004361,229819.9389991975
294,607571.5706043368,229821.05650838022
295,607573.3462081853,229822.16046215757
296,607575.1302080005,229823.25079588106
297,607576.9224993099,229824.32744569966
298,607578.722977155,229825.3903485638
299,607580.5315360983,229826.43944222885
300,607582.3480702288,229827.47466525895
301,607584.1724731687,229828.49595703045
302,607586.0046380791,229829.50325773555
303,607587.8444576667,229830.49650838578
304,607589.6918241902,229831.47565081547
305,607590.39,229831.841
306,607592.2484695229,229832.80126095668
307,607594.1142292492,229833.74727930594
308,607595.9871700194,229834.6789997276
309,607597.8671822661,229835.59636771565
310,607599.7541560078,229836.49932960377
311,607601.6479808558,229837.38783256838
312,607603.5485460208,229838.2618246317
313,607605.4557403189,229839.12125466496
314,607607.3694521787,229839.96607239114
315,607607.626,229840.078
316,607609.1052046762,229840.69113726146
317,607610.590462034,229841.28946355826
318,607612.0816237463,229841.87291923288
319,607613.5785409304,229842.44144603115
320,607615.0810641291,229842.99498718945
321,607616.5890433254,229843.53348744035
322,607618.1023279574,229844.05689301813
323,607619.6207669339,229844.56515166425
324,607621.1442086486,229845.05821263243
325,607622.672500996,229845.53602669382
326,607624.2054913864,229845.9985461418
327,607625.653,229846.42
328,607627.1947226604,229846.85258830793
329,607628.7406907656,229847.26975017544
330,607630.2907499471,229847.6714440146
331,607631.844745445,229848.05762971984
332,607633.4025221065,229848.42826873393
333,607634.9639244018,229848.78332405185
334,607636.5287964384,229849.12276022448
335,607638.0969819778,229849.44654336214
336,607639.6683244506,229849.75464113793
337,607641.2426669722,229850.04702279103
338,607642.8198523584,229850.3236591297
339,607644.278,229850.565
340,607645.9448720759,229850.8054076874
341,607647.6139528906,229851.02996861006
342,607649.2850917887,229851.23866254167
343,607650.9581379355,229851.4314706458
344,607652.6329403237,229851.60837551983
345,607654.3093477879,229851.76936119658
346,607655.9872090175,229851.91441314566
347,607657.6663725711,229852.04351827482
348,607659.3466868894,229852.15666493127
349,607661.0280003092,229852.2538429025
350,607662.7101610776,229852.33504341732
351,607663.282,229852.359
352,607664.963437379,229852.41841426847
353,607666.6453637294,229852.46183620885
354,607668.3276269522,229852.48926178642
355,607670.0100749136,229852.500688521
356,607671.6925554632,229852.49611537915
357,607673.3749164473,229852.4755427745
358,607675.0570057236,229852.43897256753
359,607676.7386711737,229852.3864080654
360,607678.419760718,229852.3178540217
361,607680.100122329,229852.23331663612
362,607681.7796040447,229852.13280355363
363,607682.365,229852.094
364,607690.617,229851.637
365,607696.31,229851.553
366,607701.981,229851.615
367,607703.5061155586,229851.67506627744
368,607705.0305176657,229851.75111652532
369,607706.5540388057,229851.84314239153
370,607708.0765115601,229851.9511337634
371,607709.5977686255,229852.0750787738
372,607711.1176428318,229852.21496380257
373,607711.682,229852.271
374,607713.1924650889,229852.43247941195
375,607714.7011455925,229852.6098590212
376,607716.2078741564,229852.80311900776
377,607717.7124836284,229853.0122379318
378,607719.2148070914,229853.23719259433
379,607720.7146778818,229853.4779580395
380,607721.304,229853.577
381,607722.8446555523,229853.80646827669
382,607724.3828727938,229854.05174962408
383,607725.9184894359,229854.31281810248
384,607727.4513434552,229854.58964616654
385,607728.9812731203,229854.88220460806
386,607729.768,229855.039
387,607731.2870548913,229855.35439175414
388,607732.8027764657,229855.68543227998
389,607734.3150035088,229856.03208641685
390,607735.8235751878,229856.3943172963
391,607737.3283310584,229856.77208639323
392,607738.122,229856.978
393,607744.337,229858.331
394,607750.62,229859.176
395,607766.81,229860.92
396,607791.99,229849.337
397,607786.728,229879.373
398,607788.086,229879.553
399,607784.307,229893.58
400,607784.841,229894.347
401,607785.703,229895.588
402,607799.675,229885.851
403,607805.757,229884.421
404,607809.04,229885.537
405,607810.394,229887.179
406,607814.912,229897.675
407,607825.115,229908.774
408,607850.844,229925.201
409,607854.346,229926.16
410,607858.466,229924.006
411,607881.137,229905.582
412,607894.633,229897.84
413,607915.378,229892.44
414,607928.068,229893.03
415,607934.046,229896.814
416,607942.181,229900.949
417,607952.799,229903.634
418,607961.444,229901.619
419,607972.986,229901.172
420,607995.919,229903.221
421,608024.965,229905.927
422,608061.841,229909.475
423,608072.515,229908.336
424,608076.986,229900.446
425,608075.113,229891.679
426,608077.827,229873.841
427,608079.039,229868.794
428,608080.972,229864.751
429,608094.034,229849.137
430,608100.56,229841.114
431,608114.766,229826.823
432,608124.368,229818.249
433,608126.62,229815.443
434,608127.521,229816.498
435,608128.366566519,229817.5165974893
436,608129.2243820992,229818.5249010242
437,608130.0943212037,229819.52276351105
438,608130.9762567583,229820.51003918966
439,608131.8700599368,229821.48658384627
440,608132.775600179,229822.45225483473
441,608133.6927452105,229823.40691109715
442,608134.6213610618,229824.35041318453
443,608134.93,229824.659
444,608146.852,229836.307
445,608147.644,229835.217
446,608176.841,229796.895
447,608279.22,229663.153
448,608319.954,229609.779
449,608317.168,229608.975
450,608319.809,229584.282
451,608319.857,229572.337
452,608320.214,229563.606
453,608322.052,229556.06
454,608325.752,229548.541
455,608332.664,229537.459
456,608341.019,229525.915
457,608341.447,229525.342
458,608377.283,229553.863
459,608423.178,229501.705
460,608405.841,229480.321
461,608418.201,229468.878
462,608423.014,229464.405
463,608424.265,229463.254
464,608426.113,229456.479
465,608391.75,229397.3
466,608390.004,229392.204
467,608391.633,229387.618
468,608406.18,229374.868
469,608409.191,229372.796
470,608435.321,229352.118
471,608452.51,229341.619
472,608461.87,229331.674
473,608466.05,229319.704
474,608465.696,229313.714
475,608451.947,229245.72
476,608453.699,229231.439
477,608454.951,229216.06
478,608454.113,229206.367
479,608450.852,229200.986
480,608443.36,229189.958
481,608436.05,229171.195
482,608435.199,229165.72
483,608436.889,229160.095
484,608449.385,229142.9
485,608455.198,229124.455
486,608464.698,229103.822
487,608465.214,229098.022
488,608466.084,229094.756
489,608465.685,229081.73
490,608468.293,229071.833
491,608480.286,229050.118
492,608488.225,229026.345
493,608493.747,229018.46
494,608500.807,229014.413
495,608510.786,229011.858
496,608529.607,229000.802
497,608537.185,228998.754
498,608553.911,228999.404
499,608611.749,229000.719
500,608506.267,228738.259
501,608465.665,228613.681
502,608465.6323295092,228613.58083346227
503,608464.9663329395,228611.56598913993
504,608464.2851638691,228609.5562235387
505,608463.5888610219,228607.55165091116
506,608462.8774639815,228605.55238521466
507,608462.1510131902,228603.55854010486
508,608461.4095499455,228601.57022892925
509,608460.6531163988,228599.58756472077
510,608459.8817555524,228597.61066019128
511,608459.095511257,228595.63962772524
512,608458.2944282097,228593.67457937327
513,608457.4785519509,228591.7156268459
514,608456.6479288623,228589.76288150693
515,608455.8026061635,228587.81645436748
516,608454.9426319102,228585.87645607936
517,608454.0680549907,228583.94299692896
518,608453.1789251238,228582.01618683097
519,608452.2752928551,228580.09613532198
520,608451.357209555,228578.18295155448
521,608450.4247274153,228576.27674429043
522,608449.4778994465,228574.37762189528
523,608448.5167794746,228572.48569233168
524,608447.5414221378,228570.60106315333
525,608446.5518828841,228568.72384149898
526,608445.5482179674,228566.85413408626
527,608444.5304844448,228564.99204720557
528,608443.4987401732,228563.13768671415
529,608442.4530438058,228561.29115803
530,608441.3934547891,228559.45256612587
531,608440.3200333593,228557.62201552332
532,608439.2328405393,228555.79961028678
533,608438.1319381343,228553.98545401762
534,608437.0173887294,228552.1796498483
535,608435.889255685,228550.38230043638
536,608434.7476031343,228548.59350795887
537,608433.5924959785,228546.81337410634
538,608432.424,228545.042
539,608432.3681004244,228544.95798900962
540,608431.1855072536,228543.1958056008
541,608429.9896622477,228541.44258807416
542,608428.7806333788,228539.69843608316
543,608427.5584893682,228537.96344876583
544,608426.3232996832,228536.2377247393
545,608425.0751345321,228534.52136209424
546,608423.814064861,228532.81445838916
547,608422.5401623495,228531.11711064487
548,608421.2534994065,228529.42941533917
549,608419.9541491664,228527.75146840102
550,608418.6421854844,228526.08336520547
551,608417.3176829331,228524.42520056793
552,608415.9807167974,228522.77706873888
553,608414.6313630709,228521.13906339867
554,608413.2696984513,228519.51127765188
555,608411.8958003358,228517.89380402237
556,608410.5097468174,228516.28673444773
557,608409.1116166795,228514.69016027424
558,608407.7014893924,228513.10417225162
559,608406.279445108,228511.52886052788
560,608404.8455646557,228509.9643146441
561,608403.3999295377,228508.41062352958
562,608401.9426219243,228506.86787549648
563,608400.4737246492,228505.33615823506
564,608398.9933212049,228503.8155588085
565,608397.501495738,228502.3061636481
566,608395.9983330444,228500.80805854834
567,608394.4839185639,228499.32132866187
568,608392.9583383766,228497.84605849485
569,608391.4216791966,228496.38233190202
570,608389.8740283683,228494.93023208197
571,608388.3154738605,228493.48984157247
572,608386.7461042617,228492.06124224575
573,608385.1660087755,228490.64451530375
574,608383.5752772149,228489.2397412736
575,608381.974,228487.847
576,608381.3615579582,228487.32073573075
577,608380.0489894302,228486.2083588163
578,608378.7261333114,228485.1082359914
579,608377.3931040016,228484.0204623938
580,608376.0500167798,228482.94513209318
581,608374.6969877953,228481.88233808326
582,608373.3341340567,228480.8321722736
583,608371.9615734225,228479.79472548165
584,608370.5794245907,228478.7700874249
585,608369.1878070883,228477.75834671326
586,608367.7868412612,228476.75959084116
587,608366.3766482639,228475.77390618023
588,608364.9573500485,228474.80137797166
589,608363.5290693549,228473.84209031882
590,608362.0919296995,228472.89612618013
591,608360.6460553651,228471.96356736182
592,608359.1915713896,228471.04449451077
593,608357.7286035555,228470.13898710764
594,608356.2572783792,228469.24712345994
595,608354.7777230995,228468.36898069532
596,608353.2900656672,228467.50463475482
597,608351.7944347338,228466.65416038633
598,608350.2909596399,228465.81763113823
599,608348.7797704051,228464.99511935282
600,608347.2609977156,228464.18669616024
601,608345.7347729137,228463.39243147228
602,608344.2012279859,228462.61239397628
603,608342.6604955521,228461.8466511292
604,608341.1127088533,228461.09526915188
605,608339.5580017411,228460.3583130232
606,608337.996508665,228459.6358464745
607,608336.4283646618,228458.92793198407
608,608334.8537053431,228458.23463077183
609,608333.2726668844,228457.5560027938
610,608331.6853860123,228456.89210673724
611,608330.092,228456.243
612,608329.3405593642,228455.94285571083
613,608327.738510721,228455.31562319692
614,608326.1306982869,228454.70331636374
615,608324.5172611151,228454.1059881673
616,608322.8983387457,228453.52369026828
617,608321.274071193,228452.9564730273
618,608319.6445989334,228452.4043855008
619,608318.0100628939,228451.86747543668
620,608316.3706044389,228451.3457892702
621,608314.7263653593,228450.83937212
622,608313.0774878584,228450.34826778414
623,608311.4241145415,228449.87251873632
624,608309.7663884024,228449.4121661222
625,608308.1044528115,228448.96724975592
626,608306.438451503,228448.53780811655
627,608304.768528563,228448.12387834486
628,608303.0948284166,228447.72549624005
629,608301.4174958157,228447.3426962566
630,608299.7366758263,228446.97551150137
631,608298.0525138158,228446.6239737308
632,608296.3651554411,228446.288113348
633,608294.6747466351,228445.9679594003
634,608292.9814335948,228445.66353957646
635,608291.2853627683,228445.37488020465
636,608289.5866808422,228445.1020062499
637,608287.8855347288,228444.84494131195
638,608286.1820715537,228444.60370762344
639,608284.4764386427,228444.37832604765
640,608282.7687835096,228444.16881607703
641,608281.0592538428,228443.97519583124
642,608279.3479974928,228443.7974820558
643,608277.6351624595,228443.6356901204
644,608275.9208968795,228443.48983401785
645,608274.2053490129,228443.35992636267
646,608272.4886672308,228443.2459783901
647,608270.771,228443.148
648,608203.95,228439.648
649,608205.312,228374.821
650,608205.233,228371.459
651,608205.022,228363.115
652,608204.599,228344.047
653,608193.052,228341.977
654,608200.803,228300.93
655,608202.131,228301.164
656,608207.627,228274.243
657,608212.063,228251.478
658,608216.013,228231.747
659,608201.536,228228.84
660,608194.911,228108.254
661,608194.528,228098.579
662,608202.434,228067.893
663,608201.076,228065.341
664,608204.734,228033.175
665,608164.223,228023.279
666,608172.453,228010.851
667,608178.484,227998.066
668,608183.176,227985.988
669,608186.182,227974.414
670,608187.046,227974.376
671,608186.81,227970.781
672,608186.175,227970.622
673,608190.855,227950.171
674,608191.779,227945.897
675,608192.08,227944.78
676,608185.323,227944.097
677,608179.463,227943.544
678,608126.93,227934.703
679,608116.787,227930.275
680,608107.186,227926.066
681,608106.367,227927.951
682,608056.113,227906.023
683,608055.555,227905.81
684,608053.84,227909.417
685,608044.348,227930.175
686,608031.903,227919.984
687,608023.681,227913.251
688,607999.775,227888.732
689,607947.185,227840.897
690,607929.722,227818.283
691,607921.686,227804.197
692,607920.131,227800.483
693,607919.751,227799.577
694,607914.525,227787.924
695,607910.553,227779.066
696,607908.377,227773.34
697,607899.913,227753.607
698,607892.776,227736.698
699,607884.231,227725.394
700,607873.256,227710.875
701,607870.68,227708.48
702,607851.487,227690.636
703,607833.834,227674.298
704,607828.813,227669.53
705,607797.42,227640.421
706,607797.4027433078,227640.37359951355
707,607797.2822786332,227640.01622739073
708,607797.1770790165,227639.65406774002
709,607797.0873337684,227639.28777228217
710,607797.013204389,227638.9180001806
711,607796.9548242773,227638.54541685496
712,607796.9122984906,227638.17069278387
713,607796.8857035558,227637.79450229832
714,607796.8750873314,227637.4175223681
715,607796.8804689219,227637.0404313838
716,607796.9018386427,227636.6639079356
717,607796.9391580384,227636.28862959266
718,607796.9923599509,227635.9152716833
719,607797.0613486415,227635.54450608004
720,607797.146,227635.177
721,607797.2460317484,227634.81330143876
722,607797.36139713,227634.45417214325
723,607797.4918869222,227634.10025769554
724,607797.6372663965,227633.75219472623
725,607797.7972740406,227633.41060934012
726,607797.9716220285,227633.07611599
727,607798.1599967385,227632.74931637125
728,607798.3620593172,227632.43079833963
729,607798.577446289,227632.1211348537
730,607798.8057702105,227631.82088294427
731,607799.0466203662,227631.53058271238
732,607799.2995635088,227631.2507563577
733,607799.5641446376,227630.9819072392
734,607799.8398878168,227630.72451896977
735,607800.002,227630.583
736,607801.5865961029,227629.23326969778
737,607803.1815202334,227627.8957594304
738,607804.7866781701,227626.5705482411
739,607806.4019750721,227625.25771442993
740,607808.0273155001,227623.9573355655
741,607809.6626034207,227622.66948848055
742,607810.863,227621.737
743,607812.5218127063,227620.46610171342
744,607814.1903074684,227619.20794143813
745,607815.8683864548,227617.96259290638
746,607817.5559512909,227616.73012912445
747,607819.2529030463,227615.51062234325
748,607820.9591422405,227614.3041440542
749,607822.161,227613.466
750,607823.6840568518,227612.40245616468
751,607825.2162174856,227611.352069828
752,607826.7573682211,227610.31491888696
753,607828.3073947289,227609.29108028198
754,607829.8661820213,227608.28062996594
755,607831.4336144604,227607.2836428985
756,607833.0095757673,227606.30019304052
757,607833.689,227605.882
758,607835.2734992822,227604.91982489233
759,607836.866244069,227603.97136142047
760,607838.4671157129,227603.03668024903
761,607840.0759949567,227602.11585100755
762,607841.6927619459,227601.2089422936
763,607843.3172962388,227600.3160216678
764,607844.9494768151,227599.43715564863
765,607845.85,227598.96
766,607841.684,227591.22
767,607841.1991073681,227591.15479550848
768,607840.7139709165,227591.07345921895
769,607840.2317361159,227590.97638931673
770,607839.7529130887,227590.8636884852
771,607839.2780083481,227590.73547594264
772,607838.8075242621,227590.59188731606
773,607838.3419585229,227590.4330744977
774,607837.8818036196,227590.25920548456
775,607837.4275463176,227590.0704642003
776,607836.9796671437,227589.86705030108
777,607836.5386398778,227589.64917896411
778,607836.1049310514,227589.41708066015
779,607835.679,227589.171
780,607835.6585385349,227589.15871761597
781,607835.2411364861,227588.89840681892
782,607834.8324202689,227588.62466015646
783,607834.4328222119,227588.33776719007
784,607834.0427649985,227588.03803138706
785,607833.6626612202,227587.72576979946
786,607833.2929129401,227587.40131272876
787,607832.9339112674,227587.06500337654
788,607832.5860359442,227586.71719748128
789,607832.2496549428,227586.35826294226
790,607831.9251240778,227585.9885794303
791,607831.6127866288,227585.60853798618
792,607831.3129729773,227585.21854060702
793,607831.026,227584.819
794,607819.516,227568.569
795,607819.3016207019,227568.26959024253
796,607819.2930136351,227568.2574899436
797,607818.716739946,227567.47158169144
798,607818.7089889928,227567.4606860286
799,607818.1190313088,227566.68313541476
800,607818.1121367947,227566.67344482327
801,607817.5086510961,227565.90445759802
802,607817.50261359,227565.89597281438
803,607816.8805792514,227565.1284739262
804,607816.2461969334,227564.37114946716
805,607815.599633029,227563.62419807707
806,607814.9410571263,227562.88781567494
807,607814.2706419644,227562.16219540764
808,607813.5885633873,227561.44752759917
809,607812.895,227560.744
810,607812.7373508768,227560.58712612884
811,607812.0332147194,227559.9002910696
812,607811.318,227559.225
813,607811.2623954382,227559.173395643
814,607810.5322462659,227558.5075227985
815,607809.7914119528,227557.85355874803
816,607809.0400867093,227557.21167492896
817,607808.278467496,227556.5820396117
818,607807.5067539721,227555.96481785586
819,607806.7251484432,227555.36017146663
820,607805.933855808,227554.76825895277
821,607805.1330835044,227554.18923548463
822,607804.3230414558,227553.62325285387
823,607803.5039420156,227553.07045943337
824,607802.676,227552.531
825,607802.0171396055,227552.1197187025
826,607801.1771750827,227551.61227989715
827,607800.3290492357,227551.1186027879
828,607799.4729875111,227550.63881860278
829,607798.6092174652,227550.17305487682
830,607797.7379687031,227549.7214354183
831,607796.8594728183,227549.2840802755
832,607795.9739633303,227548.86110570515
833,607795.081675623,227548.4526241413
834,607794.1828468821,227548.05874416555
835,607793.2777160322,227547.67957047807
836,607792.3665236731,227547.31520386995
837,607791.4495120154,227546.96574119615
838,607790.5269248171,227546.63127535005
839,607789.5990073181,227546.31189523853
840,607788.6660061751,227546.00768575844
841,607787.7281693962,227545.71872777396
842,607786.7857462749,227545.44509809525
843,607785.8389873238,227545.18686945786
844,607784.8881442081,227544.9441105035
845,607783.9334696786,227544.71688576177
846,607782.9752175044,227544.50525563298
847,607782.013642406,227544.30927637214
848,607781.049,227544.129
849,607747.964,227538.198
850,607692.45,227528.302
851,607691.4434442142,227528.12542653325
852,607689.6750680781,227527.82796252507
853,607687.9041082506,227527.54628845013
854,607686.1307057182,227527.28042673253
855,607684.3550016616,227527.03039853758
856,607682.5771374448,227526.79622377004
857,607680.7972546039,227526.57792107257
858,607679.0154948356,227526.37550782433
859,607677.232,227526.189
860,607676.2460921006,227526.09286378557
861,607674.4608828923,227525.93126704148
862,607672.6743024033,227525.7856113463
863,607670.8864929766,227525.65590830488
864,607669.097597053,227525.54216825112
865,607667.3077571599,227525.44440024707
866,607665.5171159002,227525.36261208227
867,607663.7258159401,227525.29681027302
868,607661.934,227525.247
869,607631.282,227524.507
870,607630.8386033392,227524.49674780085
871,607630.1149913891,227524.46711379135
872,607629.3922106603,227524.4215018767
873,607628.6706139138,227524.3599343183
874,607627.950553333,227524.28244116486
875,607627.2323803516,227524.1890602378
876,607626.5164454819,227524.07983711277
877,607625.8030981439,227523.95482509726
878,607625.0926864946,227523.8140852048
879,607624.3855572584,227523.65768612508
880,607623.6820555577,227523.48570419042
881,607622.9825247442,227523.2982233385
882,607622.287306232,227523.09533507147
883,607621.59673933,227522.87713841116
884,607620.9111610771,227522.64373985096
885,607620.2309060774,227522.39525330358
886,607619.5563063371,227522.13180004567
887,607618.887691102,227521.85350865853
888,607618.2253866972,227521.5605149654
889,607617.569716368,227521.25296196507
890,607616.921,227520.931
891,607616.5530863669,227520.74031374115
892,607615.9161368288,227520.39602184057
893,607615.2869502882,227520.0377399348
894,607614.6658339734,227519.66564297103
895,607614.0530911724,227519.27991264215
896,607613.449021084,227518.88073729826
897,607612.8539186724,227518.4683118545
898,607612.2680745231,227518.04283769603
899,607611.6917747005,227517.60452257958
900,607611.1253006087,227517.1535805321
901,607610.568928854,227516.69023174612
902,607610.0229311098,227516.2147024724
903,607609.4875739837,227515.72722490938
904,607608.963118888,227515.22803708963
905,607608.4498219109,227514.717382764
906,607607.9479336931,227514.19551128216
907,607607.4576993034,227513.66267747123
908,607606.9793581209,227513.11914151107
909,607606.513143717,227512.56516880737
910,607606.0592837416,227512.001029862
911,607605.618,227511.427
912,607554.744,227444.092
913,607549.781,227448.955
914,607506.951,227491.676
915,607483.518,227515.069
916,607465.424,227533.179
917,607412.64,227599.113
918,607403.93,227609.518
919,607403.38,227608.114
920,607403.2719978234,227607.82418842643
921,607402.7946851125,227606.51537839114
922,607402.3324351003,227605.2011729054
923,607401.8853087584,227603.8817453148
924,607401.4533650632,227602.55726965377
925,607401.0366609888,227601.22792062254
926,607400.6352514991,227599.89387356414
927,607400.2491895405,227598.55530444128
928,607399.8785260352,227597.2123898132
929,607399.5233098743,227595.86530681225
930,607399.1835879112,227594.5142331206
931,607398.8594049558,227593.15934694684
932,607398.5508037682,227591.8008270024
933,607398.2578250534,227590.43885247796
934,607397.9805074558,227589.07360302
935,607397.7188875538,227587.70525870682
936,607397.473,227586.334
937,607378.391,227475.448
938,607379.292,227463.441
939,607381.058,227440.35
940,607382.464,227421.808
941,607372.577,227421.021
942,607359.519,227419.99
943,607350.775,227419.284
944,607320.878,227417.057
945,607315.87,227416.664
946,607314.063,227437.448
947,607311.481,227465.918
948,607311.248,227467.892
949,607309.676,227467.564
950,607275.899,227486.669
951,607248.589,227502.115
952,607224.972,227515.815
953,607229.495,227528.989
954,607230.992,227533.348
955,607210.327,227548.247
956,607202.057,227554.072
957,607195.339,227558.891
958,607180.445,227569.676
959,607101.938,227625.845
960,607099.248,227627.773
961,607099.0096313807,227628.14699409145
962,607098.3959246839,227629.08912907745
963,607097.7688741143,227630.02243600698
964,607097.1286066407,227630.9467258987
965,607096.4752519084,227631.86181159702
966,607095.8089422123,227632.7675078101
967,607095.1298124705,227633.66363114727
968,607094.438,227634.55
969,607093.8413570515,227635.2938271845
970,607093.1281372476,227636.15933342592
971,607092.4026427619,227637.01457683783
972,607091.6650212522,227637.8593833547
973,607090.9154228448,227638.69358103522
974,607090.154,227639.517
975,607089.8937250857,227639.7933100725
976,607089.1235925455,227640.59523766034
977,607088.342,227641.386
978,607064.918,227664.788
979,607061.941,227667.768
980,607060.468,227669.248
981,607060.2868095931,227669.46441912185
982,607060.0412742719,227669.77896501464
983,607059.8085448425,227670.10310036494
984,607059.5889954052,227670.4363041422
985,607059.3829788741,227670.77804073892
986,607059.1908264101,227671.1277608315
987,607059.0128468879,227671.4849022633
988,607058.8493264006,227671.84889094825
989,607058.7005277983,227672.2191417937
990,607058.5666902672,227672.59505964094
991,607058.448028944,227672.9760402218
992,607058.3447345706,227673.36147113005
993,607058.2569731873,227673.75073280578
994,607058.1848858658,227674.14319953136
995,607058.1285884827,227674.53824043716
996,607058.0881715331,227674.93522051573
997,607058.0636999852,227675.3335016425
998,607058.0552131755,227675.7324436015
999,607058.0627247463,227676.13140511457
1000,607058.0862226231,227676.52974487207
1001,607058.1256690343,227676.92682256375
1002,607058.181,227677.322
1003,607058.2519273928,227677.71447902895
1004,607058.3385382035,227678.10379773524
1005,607058.4406928036,227678.48932973816
1006,607058.5582268236,227678.8704547068
1007,607058.6909511482,227679.24655940133
1008,607058.8386522207,227679.61703865958
1009,607059.0010923861,227679.98129637085
1010,607059.1780102742,227680.33874643518
1011,607059.3691212194,227680.68881370616
1012,607059.5741177193,227681.03093491658
1013,607059.7926699293,227681.3645595846
1014,607060.0244261932,227681.68915089947
1015,607060.2690136093,227682.00418658555
1016,607060.5260386302,227682.30915974217
1017,607060.752,227682.558
1018,607047.167,227669.403
1019,607044.023,227667.401
1020,607027.554,227679.342
1021,607027.096727761,227679.06738571878
1022,607026.0389763209,227678.4188117003
1023,607024.9896761327,227677.75665199017
1024,607023.9490016802,227677.08101669612
1025,607022.9171260128,227676.39201816663
1026,607021.8942207168,227675.6897709724
1027,607020.8804558866,227674.97439188717
1028,607019.876,227674.246
1029,607017.316,227678.047
1030,607016.181,227679.715
1031,606973.252,227706.802
1032,606942.052,227673.06
1033,606913.75,227642.45
1034,606836.5,227544.8
1035,606757.5,227482.85
1036,606657.65,227421.15
1037,606576.236,227380.518
1038,606521.95,227353.33
1039,606388.0,227295.0
1040,606252.52,227247.77
1041,606127.81,227226.18
1042,606058.35,227224.78
1043,605890.63,227243.39
1044,605821.22,227246.84
1045,605758.22,227252.24
1046,605673.63,227267.33
1047,605610.364,227350.394
1048,605566.377,227403.966
1049,605526.692,227455.348
1050,605517.861,227469.086
1051,605509.182,227486.198
1052,605507.76,227490.549
1053,605503.36,227516.797
1054,605495.59,227576.989
1055,605489.819,227621.894
1056,605482.93,227673.257
1057,605482.304,227678.212
1058,605439.602,228001.836
1059,605431.924,228062.948
1060,605401.571,228294.743
1061,605389.287,228386.831
1062,605379.608,228462.654
1063,605354.735,228651.242
1064,605354.576,228655.025
--------------------------------------------------
